,folds,test_auc,val_auc,test_acc,val_acc,test_precision,val_precision,test_recall,val_recall,test_f1,val_f1
0,6,0.49790990259740264,0.7777777777777778,0.6111111111111112,0.7777777777777778,0.783641975308642,0.783641975308642,0.7770833333333333,0.7770833333333333,0.75286854614254,0.75286854614254
