folds,test_auc,test_acc,precision,recall,f1
6,0.49790990259740264,0.6111111111111112,0.6142623716153128,0.6111111111111112,0.5813823857302118
